what,kind,bundleId,bundleVersion,description,time
activated,perspective,org.eclipse.cdt.ui,,"org.eclipse.cdt.ui.CPerspective",1330030882000
started,bundle,org.eclipse.osgi,3.7.1.R37x_v20110808-1106,"org.eclipse.osgi",1330030882002
started,bundle,org.eclipse.equinox.simpleconfigurator,1.0.200.v20110502-1955,"org.eclipse.equinox.simpleconfigurator",1330030882004
started,bundle,com.ibm.icu,4.4.2.v20110208,"com.ibm.icu",1330030882005
started,bundle,org.eclipse.core.contenttype,3.4.100.v20110423-0524,"org.eclipse.core.contenttype",1330030882006
started,bundle,org.eclipse.core.databinding.observable,1.4.0.I20110222-0800,"org.eclipse.core.databinding.observable",1330030882008
started,bundle,org.eclipse.core.expressions,3.4.300.v20110228,"org.eclipse.core.expressions",1330030882009
started,bundle,org.eclipse.core.filebuffers,3.5.200.v20110505-0800,"org.eclipse.core.filebuffers",1330030882010
started,bundle,org.eclipse.core.filesystem,1.3.100.v20110423-0524,"org.eclipse.core.filesystem",1330030882012
started,bundle,org.eclipse.core.jobs,3.5.100.v20110404,"org.eclipse.core.jobs",1330030882013
started,bundle,org.eclipse.core.net,1.2.100.I20110511-0800,"org.eclipse.core.net",1330030882019
started,bundle,org.eclipse.core.resources,3.7.100.v20110510-0712,"org.eclipse.core.resources",1330030882020
started,bundle,org.eclipse.core.runtime,3.7.0.v20110110,"org.eclipse.core.runtime",1330030882022
started,bundle,org.eclipse.core.runtime.compatibility,3.2.100.v20100505,"org.eclipse.core.runtime.compatibility",1330030882023
started,bundle,org.eclipse.core.runtime.compatibility.auth,3.2.200.v20110110,"org.eclipse.core.runtime.compatibility.auth",1330030882025
started,bundle,org.eclipse.egit.core,1.1.0.201109151100-r,"org.eclipse.egit.core",1330030882026
started,bundle,org.eclipse.egit.ui,1.1.0.201109151100-r,"org.eclipse.egit.ui",1330030882028
started,bundle,org.eclipse.epp.usagedata.gathering,1.3.1.R201106061540,"org.eclipse.epp.usagedata.gathering",1330030882029
started,bundle,org.eclipse.epp.usagedata.recording,1.3.1.R201106061540,"org.eclipse.epp.usagedata.recording",1330030882032
started,bundle,org.eclipse.equinox.app,1.3.100.v20110321,"org.eclipse.equinox.app",1330030882033
started,bundle,org.eclipse.equinox.common,3.6.0.v20110523,"org.eclipse.equinox.common",1330030882034
started,bundle,org.eclipse.equinox.ds,1.3.1.R37x_v20110701,"org.eclipse.equinox.ds",1330030882036
started,bundle,org.eclipse.equinox.event,1.2.100.v20110502,"org.eclipse.equinox.event",1330030882039
started,bundle,org.eclipse.equinox.p2.core,2.1.0.v20110502-1955,"org.eclipse.equinox.p2.core",1330030882041
started,bundle,org.eclipse.equinox.p2.directorywatcher,1.0.300.v20110502-1955,"org.eclipse.equinox.p2.directorywatcher",1330030882043
started,bundle,org.eclipse.equinox.p2.engine,2.1.0.v20110511,"org.eclipse.equinox.p2.engine",1330030882044
started,bundle,org.eclipse.equinox.p2.metadata,2.1.0.v20110510,"org.eclipse.equinox.p2.metadata",1330030882047
started,bundle,org.eclipse.equinox.p2.metadata.repository,1.2.0.v20110511-1359,"org.eclipse.equinox.p2.metadata.repository",1330030882052
started,bundle,org.eclipse.equinox.p2.operations,2.1.0.v20110511-1821,"org.eclipse.equinox.p2.operations",1330030882054
started,bundle,org.eclipse.equinox.p2.reconciler.dropins,1.1.100.v20110510,"org.eclipse.equinox.p2.reconciler.dropins",1330030882055
started,bundle,org.eclipse.equinox.p2.repository,2.1.0.v20110601,"org.eclipse.equinox.p2.repository",1330030882056
started,bundle,org.eclipse.equinox.p2.ui.sdk.scheduler,1.0.100.v20110502-1955,"org.eclipse.equinox.p2.ui.sdk.scheduler",1330030882057
started,bundle,org.eclipse.equinox.p2.updatechecker,1.1.200.v20110502-1955,"org.eclipse.equinox.p2.updatechecker",1330030882059
started,bundle,org.eclipse.equinox.preferences,3.4.1.R37x_v20110725,"org.eclipse.equinox.preferences",1330030882060
started,bundle,org.eclipse.equinox.registry,3.5.101.R37x_v20110810-1611,"org.eclipse.equinox.registry",1330030882061
started,bundle,org.eclipse.equinox.security,1.1.1.R37x_v20110822-1018,"org.eclipse.equinox.security",1330030882063
started,bundle,org.eclipse.equinox.util,1.0.300.v20110502,"org.eclipse.equinox.util",1330030882064
started,bundle,org.eclipse.help,3.5.100.v20110426,"org.eclipse.help",1330030882065
started,bundle,org.eclipse.jface,3.7.0.I20110522-1430,"org.eclipse.jface",1330030882067
started,bundle,org.eclipse.jgit,1.1.0.201109151100-r,"org.eclipse.jgit",1330030882067
started,bundle,org.eclipse.jsch.core,1.1.300.I20110514-0800,"org.eclipse.jsch.core",1330030882069
started,bundle,org.eclipse.ltk.core.refactoring,3.5.201.r371_v20110824-0800,"org.eclipse.ltk.core.refactoring",1330030882077
started,bundle,org.eclipse.ltk.ui.refactoring,3.6.0.v20110505-0800,"org.eclipse.ltk.ui.refactoring",1330030882079
started,bundle,org.eclipse.mylyn.bugzilla.core,3.6.2.v20110903-0100,"org.eclipse.mylyn.bugzilla.core",1330030882081
started,bundle,org.eclipse.mylyn.bugzilla.ui,3.6.0.v20110608-1400,"org.eclipse.mylyn.bugzilla.ui",1330030882088
started,bundle,org.eclipse.mylyn.commons.identity,0.8.0.v20110608-1400,"org.eclipse.mylyn.commons.identity",1330030882090
started,bundle,org.eclipse.mylyn.commons.net,3.6.0.v20110608-1400,"org.eclipse.mylyn.commons.net",1330030882090
started,bundle,org.eclipse.mylyn.commons.ui,3.6.1.v20110720-0100,"org.eclipse.mylyn.commons.ui",1330030882091
started,bundle,org.eclipse.mylyn.context.core,3.6.1.v20110720-0100,"org.eclipse.mylyn.context.core",1330030882093
started,bundle,org.eclipse.mylyn.context.ui,3.6.0.v20110608-1400,"org.eclipse.mylyn.context.ui",1330030882095
started,bundle,org.eclipse.mylyn.monitor.ui,3.6.0.v20110608-1400,"org.eclipse.mylyn.monitor.ui",1330030882096
started,bundle,org.eclipse.mylyn.tasks.ui,3.6.2.v20110826-0100,"org.eclipse.mylyn.tasks.ui",1330030882098
started,bundle,org.eclipse.mylyn.team.ui,3.6.1.v20110825-0100,"org.eclipse.mylyn.team.ui",1330030882099
started,bundle,org.eclipse.search,3.7.0.v20110505-0800,"org.eclipse.search",1330030882101
started,bundle,org.eclipse.team.core,3.6.0.I20110525-0800,"org.eclipse.team.core",1330030882103
started,bundle,org.eclipse.team.cvs.core,3.3.400.I20110510-0800,"org.eclipse.team.cvs.core",1330030882104
started,bundle,org.eclipse.team.cvs.ui,3.3.400.I20110510-0800,"org.eclipse.team.cvs.ui",1330030882107
started,bundle,org.eclipse.team.ui,3.6.100.I20110525-0800,"org.eclipse.team.ui",1330030882109
started,bundle,org.eclipse.ui,3.7.0.I20110602-0100,"org.eclipse.ui",1330030882112
started,bundle,org.eclipse.ui.console,3.5.100.v20110511,"org.eclipse.ui.console",1330030882113
started,bundle,org.eclipse.ui.editors,3.7.0.v20110517-0800,"org.eclipse.ui.editors",1330030882115
started,bundle,org.eclipse.ui.forms,3.5.100.v20110425,"org.eclipse.ui.forms",1330030882118
started,bundle,org.eclipse.ui.ide,3.7.0.v20110809-1737,"org.eclipse.ui.ide",1330030882120
started,bundle,org.eclipse.ui.intro,3.4.100.v20110425,"org.eclipse.ui.intro",1330030882121
started,bundle,org.eclipse.ui.intro.universal,3.2.500.v20110510,"org.eclipse.ui.intro.universal",1330030882121
started,bundle,org.eclipse.ui.navigator,3.5.100.v20110809-2227,"org.eclipse.ui.navigator",1330030882123
started,bundle,org.eclipse.ui.navigator.resources,3.4.300.I20110421-1800,"org.eclipse.ui.navigator.resources",1330030882124
started,bundle,org.eclipse.ui.net,1.2.100.I20110511-0800,"org.eclipse.ui.net",1330030882125
started,bundle,org.eclipse.ui.views,3.6.0.I20110412-0800,"org.eclipse.ui.views",1330030882127
started,bundle,org.eclipse.ui.workbench,3.7.0.I20110519-0100,"org.eclipse.ui.workbench",1330030882128
started,bundle,org.eclipse.ui.workbench.texteditor,3.7.0.v20110505-0800,"org.eclipse.ui.workbench.texteditor",1330030882130
started,bundle,org.eclipse.update.configurator,3.3.100.v20100512,"org.eclipse.update.configurator",1330030882131
started,bundle,org.eclipse.update.core,3.2.500.v20110330,"org.eclipse.update.core",1330030882137
started,bundle,org.eclipse.update.scheduler,3.2.300.v20100512,"org.eclipse.update.scheduler",1330030882138
started,bundle,org.eclipse.cdt.codan.checkers,1.0.0.201109151620,"org.eclipse.cdt.codan.checkers",1330030882140
started,bundle,org.eclipse.cdt.codan.core,2.0.0.201109151620,"org.eclipse.cdt.codan.core",1330030882141
started,bundle,org.eclipse.cdt.codan.core.cxx,1.0.0.201109151620,"org.eclipse.cdt.codan.core.cxx",1330030882142
started,bundle,org.eclipse.cdt.codan.ui.cxx,2.0.0.201109151620,"org.eclipse.cdt.codan.ui.cxx",1330030882143
started,bundle,org.eclipse.cdt.core,5.3.1.201109151620,"org.eclipse.cdt.core",1330030882145
started,bundle,org.eclipse.cdt.make.core,7.1.1.201109151620,"org.eclipse.cdt.make.core",1330030882147
started,bundle,org.eclipse.cdt.make.ui,7.1.1.201109151620,"org.eclipse.cdt.make.ui",1330030882148
started,bundle,org.eclipse.cdt.managedbuilder.core,8.0.1.201109151620,"org.eclipse.cdt.managedbuilder.core",1330030882150
started,bundle,org.eclipse.cdt.ui,5.3.1.201109151620,"org.eclipse.cdt.ui",1330030882153
started,bundle,org.eclipse.jdt.core,3.7.1.v_B76_R37x,"org.eclipse.jdt.core",1330030882156
started,bundle,org.eclipse.jdt.core.manipulation,1.4.0.v20110505-0800,"org.eclipse.jdt.core.manipulation",1330030882157
started,bundle,org.eclipse.jdt.ui,3.7.1.r371_v20110824-0800,"org.eclipse.jdt.ui",1330030882274
started,bundle,org.eclipse.m2e.logback.configuration,1.0.100.20110804-1717,"org.eclipse.m2e.logback.configuration",1330030882276
started,bundle,org.eclipse.wb.discovery.core,1.1.0.r37x201109091028,"org.eclipse.wb.discovery.core",1330030882277
os,sysinfo,,,"win32",1330030882285
arch,sysinfo,,,"x86_64",1330030882285
ws,sysinfo,,,"win32",1330030882285
locale,sysinfo,,,"en_GB",1330030882285
processors,sysinfo,,,"2",1330030882285
java.runtime.name,sysinfo,,,"Java(TM) SE Runtime Environment",1330030882285
java.runtime.version,sysinfo,,,"1.6.0_27-b07",1330030882285
java.specification.name,sysinfo,,,"Java Platform API Specification",1330030882285
java.specification.vendor,sysinfo,,,"Sun Microsystems Inc.",1330030882285
java.specification.version,sysinfo,,,"1.6",1330030882285
java.vendor,sysinfo,,,"Sun Microsystems Inc.",1330030882285
java.version,sysinfo,,,"1.6.0_27",1330030882285
java.vm.info,sysinfo,,,"mixed mode",1330030882285
java.vm.name,sysinfo,,,"Java HotSpot(TM) 64-Bit Server VM",1330030882285
java.vm.specification.name,sysinfo,,,"Java Virtual Machine Specification",1330030882285
java.vm.specification.vendor,sysinfo,,,"Sun Microsystems Inc.",1330030882285
java.vm.specification.version,sysinfo,,,"1.0",1330030882285
java.vm.vendor,sysinfo,,,"Sun Microsystems Inc.",1330030882285
java.vm.version,sysinfo,,,"20.2-b06",1330030882285
started,bundle,org.eclipse.m2e.usagedata,1.0.100.20110804-1717,"org.eclipse.m2e.usagedata",1330030882315
started,bundle,org.eclipse.wb.discovery.ui,1.1.0.r37x201109091028,"org.eclipse.wb.discovery.ui",1330030883151
started,bundle,org.eclipse.m2e.discovery,1.0.100.20110804-1717,"org.eclipse.m2e.discovery",1330030883158
started,bundle,com.android.ide.eclipse.ddms,14.0.0.v201110171935-205994,"com.android.ide.eclipse.ddms",1330030883255
started,bundle,org.eclipse.wst.sse.core,1.1.601.v201108151912,"org.eclipse.wst.sse.core",1330030883344
started,bundle,com.android.ide.eclipse.adt,14.0.0.v201110171935-205994,"com.android.ide.eclipse.adt",1330030883375
started,bundle,com.android.ide.eclipse.traceview,14.0.0.v201110171935-205994,"com.android.ide.eclipse.traceview",1330030883432
started,bundle,org.eclipse.epp.mpc.ui,1.1.1.I20110907-0947,"org.eclipse.epp.mpc.ui",1330030883547
activated,view,org.eclipse.ui.navigator.resources,3.4.300.I20110421-1800,"org.eclipse.ui.navigator.ProjectExplorer",1330030913688
activated,view,org.eclipse.ui.navigator.resources,3.4.300.I20110421-1800,"org.eclipse.ui.navigator.ProjectExplorer",1330030913737
closed,view,org.eclipse.ui,3.7.0.I20110602-0100,"org.eclipse.ui.internal.introview",1330030913859
deactivated,workbench,org.eclipse.ui.workbench,3.7.0.I20110519-0100,"",1330030915416
activated,workbench,org.eclipse.ui.workbench,3.7.0.I20110519-0100,"",1330030920565
deactivated,workbench,org.eclipse.ui.workbench,3.7.0.I20110519-0100,"",1330030922941
activated,workbench,org.eclipse.ui.workbench,3.7.0.I20110519-0100,"",1330030932349
deactivated,workbench,org.eclipse.ui.workbench,3.7.0.I20110519-0100,"",1330030937323
started,bundle,org.eclipse.debug.core,3.7.0.v20110518,"org.eclipse.debug.core",1330030943356
started,bundle,org.eclipse.jdt.launching,3.6.1.v20110803_r371,"org.eclipse.jdt.launching",1330030943390
started,bundle,org.eclipse.jdt.apt.core,3.3.500.v20110420-1015,"org.eclipse.jdt.apt.core",1330030950159
started,bundle,org.eclipse.jdt.apt.pluggable.core,1.0.400.v20110305-1450,"org.eclipse.jdt.apt.pluggable.core",1330030950270
activated,workbench,org.eclipse.ui.workbench,3.7.0.I20110519-0100,"",1330030954094
opened,view,org.eclipse.jdt.ui,3.7.1.r371_v20110824-0800,"org.eclipse.jdt.ui.PackageExplorer",1330030955792
opened,view,org.eclipse.mylyn.tasks.ui,3.6.2.v20110826-0100,"org.eclipse.mylyn.tasks.ui.views.tasks",1330030958432
activated,perspective,org.eclipse.jdt.ui,3.7.1.r371_v20110824-0800,"org.eclipse.jdt.ui.JavaPerspective",1330030958540
activated,view,org.eclipse.ui.ide,3.7.0.v20110809-1737,"org.eclipse.ui.views.ProblemView",1330030958564
activated,view,org.eclipse.jdt.ui,3.7.1.r371_v20110824-0800,"org.eclipse.jdt.ui.PackageExplorer",1330030961576
started,bundle,org.eclipse.compare.core,3.5.200.I20110208-0800,"org.eclipse.compare.core",1330030962008
started,bundle,org.eclipse.compare,3.5.201.R37x_v20110817-0800,"org.eclipse.compare",1330030962019
deactivated,workbench,org.eclipse.ui.workbench,3.7.0.I20110519-0100,"",1330030968802
activated,workbench,org.eclipse.ui.workbench,3.7.0.I20110519-0100,"",1330030975994
deactivated,workbench,org.eclipse.ui.workbench,3.7.0.I20110519-0100,"",1330030988346
activated,workbench,org.eclipse.ui.workbench,3.7.0.I20110519-0100,"",1330031005434
deactivated,workbench,org.eclipse.ui.workbench,3.7.0.I20110519-0100,"",1330031009203
activated,workbench,org.eclipse.ui.workbench,3.7.0.I20110519-0100,"",1330031011511
executed,command,org.eclipse.ltk.ui.refactoring,3.6.0.v20110505-0800,"org.eclipse.ltk.ui.refactoring.commands.deleteResources",1330031011534
executed,command,org.eclipse.ui,3.7.0.I20110602-0100,"org.eclipse.ui.edit.delete",1330031011534
deactivated,workbench,org.eclipse.ui.workbench,3.7.0.I20110519-0100,"",1330031016090
activated,workbench,org.eclipse.ui.workbench,3.7.0.I20110519-0100,"",1330031024599
deactivated,workbench,org.eclipse.ui.workbench,3.7.0.I20110519-0100,"",1330031027249
activated,workbench,org.eclipse.ui.workbench,3.7.0.I20110519-0100,"",1330031045275
deactivated,workbench,org.eclipse.ui.workbench,3.7.0.I20110519-0100,"",1330031046842
activated,workbench,org.eclipse.ui.workbench,3.7.0.I20110519-0100,"",1330031372225
deactivated,workbench,org.eclipse.ui.workbench,3.7.0.I20110519-0100,"",1330031375854
activated,workbench,org.eclipse.ui.workbench,3.7.0.I20110519-0100,"",1330031479871
executed,command,org.eclipse.ui,3.7.0.I20110602-0100,"org.eclipse.ui.file.refresh",1330031482255
started,bundle,org.eclipse.wb.core.lib,1.1.0.r37x201109091012,"org.eclipse.wb.core.lib",1330031483051
started,bundle,org.eclipse.wb.core,1.1.0.r37x201109091012,"org.eclipse.wb.core",1330031483184
opened,editor,org.eclipse.jdt.ui,3.7.1.r371_v20110824-0800,"org.eclipse.jdt.ui.CompilationUnitEditor",1330031498122
started,bundle,org.eclipse.core.variables,3.2.500.v20110511,"org.eclipse.core.variables",1330031498863
activated,editor,org.eclipse.jdt.ui,3.7.1.r371_v20110824-0800,"org.eclipse.jdt.ui.CompilationUnitEditor",1330031499316
activated,view,org.eclipse.jdt.ui,3.7.1.r371_v20110824-0800,"org.eclipse.jdt.ui.PackageExplorer",1330031520895
opened,editor,org.eclipse.ui.editors,3.7.0.v20110517-0800,"org.eclipse.ui.DefaultTextEditor",1330031522715
activated,editor,org.eclipse.ui.editors,3.7.0.v20110517-0800,"org.eclipse.ui.DefaultTextEditor",1330031523011
activated,editor,org.eclipse.jdt.ui,3.7.1.r371_v20110824-0800,"org.eclipse.jdt.ui.CompilationUnitEditor",1330031526354
closed,editor,org.eclipse.ui.editors,3.7.0.v20110517-0800,"org.eclipse.ui.DefaultTextEditor",1330031526355
activated,view,org.eclipse.jdt.ui,3.7.1.r371_v20110824-0800,"org.eclipse.jdt.ui.PackageExplorer",1330031530466
activated,editor,org.eclipse.jdt.ui,3.7.1.r371_v20110824-0800,"org.eclipse.jdt.ui.CompilationUnitEditor",1330031532684
started,bundle,org.eclipse.jdt.junit,3.7.0.v20110505-0800,"org.eclipse.jdt.junit",1330031537799
executed,command,org.eclipse.ui.workbench.texteditor,3.7.0.v20110505-0800,"org.eclipse.ui.edit.text.select.lineStart",1330031541504
executed,command,org.eclipse.ui,3.7.0.I20110602-0100,"org.eclipse.ui.edit.copy",1330031541827
activated,view,org.eclipse.jdt.ui,3.7.1.r371_v20110824-0800,"org.eclipse.jdt.ui.PackageExplorer",1330031544358
opened,editor,org.eclipse.jdt.ui,3.7.1.r371_v20110824-0800,"org.eclipse.jdt.ui.CompilationUnitEditor",1330031544693
activated,editor,org.eclipse.jdt.ui,3.7.1.r371_v20110824-0800,"org.eclipse.jdt.ui.CompilationUnitEditor",1330031545005
executed,command,org.eclipse.ui,3.7.0.I20110602-0100,"org.eclipse.ui.edit.paste",1330031548101
activated,view,org.eclipse.jdt.ui,3.7.1.r371_v20110824-0800,"org.eclipse.jdt.ui.PackageExplorer",1330031549646
opened,editor,org.eclipse.jdt.ui,3.7.1.r371_v20110824-0800,"org.eclipse.jdt.ui.CompilationUnitEditor",1330031549870
activated,editor,org.eclipse.jdt.ui,3.7.1.r371_v20110824-0800,"org.eclipse.jdt.ui.CompilationUnitEditor",1330031550166
executed,command,org.eclipse.ui,3.7.0.I20110602-0100,"org.eclipse.ui.edit.paste",1330031551108
activated,view,org.eclipse.jdt.ui,3.7.1.r371_v20110824-0800,"org.eclipse.jdt.ui.PackageExplorer",1330031552286
opened,editor,org.eclipse.jdt.ui,3.7.1.r371_v20110824-0800,"org.eclipse.jdt.ui.CompilationUnitEditor",1330031552589
activated,editor,org.eclipse.jdt.ui,3.7.1.r371_v20110824-0800,"org.eclipse.jdt.ui.CompilationUnitEditor",1330031552893
executed,command,org.eclipse.ui,3.7.0.I20110602-0100,"org.eclipse.ui.edit.paste",1330031553850
activated,view,org.eclipse.jdt.ui,3.7.1.r371_v20110824-0800,"org.eclipse.jdt.ui.PackageExplorer",1330031554898
opened,editor,org.eclipse.jdt.ui,3.7.1.r371_v20110824-0800,"org.eclipse.jdt.ui.CompilationUnitEditor",1330031555105
activated,editor,org.eclipse.jdt.ui,3.7.1.r371_v20110824-0800,"org.eclipse.jdt.ui.CompilationUnitEditor",1330031555376
executed,command,org.eclipse.ui,3.7.0.I20110602-0100,"org.eclipse.ui.edit.paste",1330031556163
activated,view,org.eclipse.jdt.ui,3.7.1.r371_v20110824-0800,"org.eclipse.jdt.ui.PackageExplorer",1330031557573
opened,editor,org.eclipse.jdt.ui,3.7.1.r371_v20110824-0800,"org.eclipse.jdt.ui.CompilationUnitEditor",1330031557787
activated,editor,org.eclipse.jdt.ui,3.7.1.r371_v20110824-0800,"org.eclipse.jdt.ui.CompilationUnitEditor",1330031558036
executed,command,org.eclipse.ui,3.7.0.I20110602-0100,"org.eclipse.ui.edit.paste",1330031558842
executed,command,org.eclipse.ui,3.7.0.I20110602-0100,"org.eclipse.ui.file.saveAll",1330031560597
activated,view,org.eclipse.jdt.ui,3.7.1.r371_v20110824-0800,"org.eclipse.jdt.ui.PackageExplorer",1330031565705
closed,editor,org.eclipse.jdt.ui,3.7.1.r371_v20110824-0800,"org.eclipse.jdt.ui.CompilationUnitEditor",1330031565705
closed,editor,org.eclipse.jdt.ui,3.7.1.r371_v20110824-0800,"org.eclipse.jdt.ui.CompilationUnitEditor",1330031565745
closed,editor,org.eclipse.jdt.ui,3.7.1.r371_v20110824-0800,"org.eclipse.jdt.ui.CompilationUnitEditor",1330031565767
closed,editor,org.eclipse.jdt.ui,3.7.1.r371_v20110824-0800,"org.eclipse.jdt.ui.CompilationUnitEditor",1330031565789
closed,editor,org.eclipse.jdt.ui,3.7.1.r371_v20110824-0800,"org.eclipse.jdt.ui.CompilationUnitEditor",1330031565818
closed,editor,org.eclipse.jdt.ui,3.7.1.r371_v20110824-0800,"org.eclipse.jdt.ui.CompilationUnitEditor",1330031565838
executed,command,org.eclipse.ui,3.7.0.I20110602-0100,"org.eclipse.ui.file.closeAll",1330031565861
executed,command,org.eclipse.ui,3.7.0.I20110602-0100,"org.eclipse.ui.file.refresh",1330031586291
deactivated,workbench,org.eclipse.ui.workbench,3.7.0.I20110519-0100,"",1330031598877
activated,workbench,org.eclipse.ui.workbench,3.7.0.I20110519-0100,"",1330032766681
deactivated,workbench,org.eclipse.ui.workbench,3.7.0.I20110519-0100,"",1330032768673
activated,workbench,org.eclipse.ui.workbench,3.7.0.I20110519-0100,"",1330032769873
closed,workbench,org.eclipse.ui.workbench,3.7.0.I20110519-0100,"",1330032770169
stopped,bundle,org.eclipse.compare.win32,1.0.200.I20110510-0800,"org.eclipse.compare.win32",1330032771963
stopped,bundle,org.eclipse.egit.mylyn.ui,1.1.0.201109151100-r,"org.eclipse.egit.mylyn.ui",1330032772000
stopped,bundle,org.eclipse.egit.ui,1.1.0.201109151100-r,"org.eclipse.egit.ui",1330032772000
stopped,bundle,org.eclipse.equinox.p2.ui.sdk,1.0.200.v20110502-1955,"org.eclipse.equinox.p2.ui.sdk",1330032772044
stopped,bundle,org.eclipse.cdt.debug.ui.memory.search,1.2.0.201109151620,"org.eclipse.cdt.debug.ui.memory.search",1330032772067
stopped,bundle,org.eclipse.cdt.debug.ui.memory.traditional,1.2.0.201109151620,"org.eclipse.cdt.debug.ui.memory.traditional",1330032772098
stopped,bundle,org.eclipse.cdt.codan.checkers.ui,1.0.0.201109151620,"org.eclipse.cdt.codan.checkers.ui",1330032772125
stopped,bundle,org.eclipse.cdt.codan.ui.cxx,2.0.0.201109151620,"org.eclipse.cdt.codan.ui.cxx",1330032772125
stopped,bundle,org.eclipse.cdt.codan.ui,2.0.0.201109151620,"org.eclipse.cdt.codan.ui",1330032772253
stopped,bundle,org.eclipse.cdt.launch.remote,2.3.0.201109151620,"org.eclipse.cdt.launch.remote",1330032772253
stopped,bundle,org.eclipse.cdt.debug.mi.ui,6.1.0.201109151620,"org.eclipse.cdt.debug.mi.ui",1330032772363
stopped,bundle,org.eclipse.cdt.debug.ui.memory.memorybrowser,1.2.100.201109151620,"org.eclipse.cdt.debug.ui.memory.memorybrowser",1330032772476
stopped,bundle,org.eclipse.cdt.dsf.gdb.ui,2.2.1.201109151620,"org.eclipse.cdt.dsf.gdb.ui",1330032772506
stopped,bundle,org.eclipse.cdt.dsf.ui,2.2.0.201109151620,"org.eclipse.cdt.dsf.ui",1330032772564
stopped,bundle,org.eclipse.cdt.gdb.ui,7.0.0.201109151620,"org.eclipse.cdt.gdb.ui",1330032772665
activated,perspective,org.eclipse.jdt.ui,,"org.eclipse.jdt.ui.JavaPerspective",1330303469766
started,bundle,org.eclipse.osgi,3.7.1.R37x_v20110808-1106,"org.eclipse.osgi",1330303469768
started,bundle,org.eclipse.equinox.simpleconfigurator,1.0.200.v20110502-1955,"org.eclipse.equinox.simpleconfigurator",1330303469769
started,bundle,com.ibm.icu,4.4.2.v20110208,"com.ibm.icu",1330303469771
started,bundle,org.eclipse.core.contenttype,3.4.100.v20110423-0524,"org.eclipse.core.contenttype",1330303469772
started,bundle,org.eclipse.core.databinding.observable,1.4.0.I20110222-0800,"org.eclipse.core.databinding.observable",1330303469773
started,bundle,org.eclipse.core.expressions,3.4.300.v20110228,"org.eclipse.core.expressions",1330303469774
started,bundle,org.eclipse.core.filebuffers,3.5.200.v20110505-0800,"org.eclipse.core.filebuffers",1330303469775
started,bundle,org.eclipse.core.filesystem,1.3.100.v20110423-0524,"org.eclipse.core.filesystem",1330303469777
started,bundle,org.eclipse.core.jobs,3.5.100.v20110404,"org.eclipse.core.jobs",1330303469778
started,bundle,org.eclipse.core.net,1.2.100.I20110511-0800,"org.eclipse.core.net",1330303469780
started,bundle,org.eclipse.core.resources,3.7.100.v20110510-0712,"org.eclipse.core.resources",1330303469799
started,bundle,org.eclipse.core.runtime,3.7.0.v20110110,"org.eclipse.core.runtime",1330303469800
started,bundle,org.eclipse.core.runtime.compatibility,3.2.100.v20100505,"org.eclipse.core.runtime.compatibility",1330303469802
started,bundle,org.eclipse.core.runtime.compatibility.auth,3.2.200.v20110110,"org.eclipse.core.runtime.compatibility.auth",1330303469804
started,bundle,org.eclipse.debug.core,3.7.0.v20110518,"org.eclipse.debug.core",1330303469806
started,bundle,org.eclipse.egit.core,1.1.0.201109151100-r,"org.eclipse.egit.core",1330303469807
started,bundle,org.eclipse.egit.ui,1.1.0.201109151100-r,"org.eclipse.egit.ui",1330303469816
started,bundle,org.eclipse.epp.usagedata.gathering,1.3.1.R201106061540,"org.eclipse.epp.usagedata.gathering",1330303469817
started,bundle,org.eclipse.epp.usagedata.recording,1.3.1.R201106061540,"org.eclipse.epp.usagedata.recording",1330303469818
started,bundle,org.eclipse.equinox.app,1.3.100.v20110321,"org.eclipse.equinox.app",1330303469819
started,bundle,org.eclipse.equinox.common,3.6.0.v20110523,"org.eclipse.equinox.common",1330303469820
started,bundle,org.eclipse.equinox.ds,1.3.1.R37x_v20110701,"org.eclipse.equinox.ds",1330303469822
started,bundle,org.eclipse.equinox.event,1.2.100.v20110502,"org.eclipse.equinox.event",1330303469823
started,bundle,org.eclipse.equinox.p2.core,2.1.0.v20110502-1955,"org.eclipse.equinox.p2.core",1330303469831
started,bundle,org.eclipse.equinox.p2.directorywatcher,1.0.300.v20110502-1955,"org.eclipse.equinox.p2.directorywatcher",1330303469832
started,bundle,org.eclipse.equinox.p2.engine,2.1.0.v20110511,"org.eclipse.equinox.p2.engine",1330303469836
started,bundle,org.eclipse.equinox.p2.metadata,2.1.0.v20110510,"org.eclipse.equinox.p2.metadata",1330303469838
started,bundle,org.eclipse.equinox.p2.metadata.repository,1.2.0.v20110511-1359,"org.eclipse.equinox.p2.metadata.repository",1330303469839
started,bundle,org.eclipse.equinox.p2.operations,2.1.0.v20110511-1821,"org.eclipse.equinox.p2.operations",1330303469840
started,bundle,org.eclipse.equinox.p2.reconciler.dropins,1.1.100.v20110510,"org.eclipse.equinox.p2.reconciler.dropins",1330303469842
started,bundle,org.eclipse.equinox.p2.repository,2.1.0.v20110601,"org.eclipse.equinox.p2.repository",1330303469843
started,bundle,org.eclipse.equinox.p2.ui.sdk.scheduler,1.0.100.v20110502-1955,"org.eclipse.equinox.p2.ui.sdk.scheduler",1330303469844
started,bundle,org.eclipse.equinox.p2.updatechecker,1.1.200.v20110502-1955,"org.eclipse.equinox.p2.updatechecker",1330303469845
started,bundle,org.eclipse.equinox.preferences,3.4.1.R37x_v20110725,"org.eclipse.equinox.preferences",1330303469847
started,bundle,org.eclipse.equinox.registry,3.5.101.R37x_v20110810-1611,"org.eclipse.equinox.registry",1330303469848
started,bundle,org.eclipse.equinox.security,1.1.1.R37x_v20110822-1018,"org.eclipse.equinox.security",1330303469957
started,bundle,org.eclipse.equinox.util,1.0.300.v20110502,"org.eclipse.equinox.util",1330303469967
started,bundle,org.eclipse.help,3.5.100.v20110426,"org.eclipse.help",1330303470007
started,bundle,org.eclipse.jface,3.7.0.I20110522-1430,"org.eclipse.jface",1330303470008
started,bundle,org.eclipse.jgit,1.1.0.201109151100-r,"org.eclipse.jgit",1330303470009
started,bundle,org.eclipse.jsch.core,1.1.300.I20110514-0800,"org.eclipse.jsch.core",1330303470010
started,bundle,org.eclipse.mylyn.bugzilla.core,3.6.2.v20110903-0100,"org.eclipse.mylyn.bugzilla.core",1330303470012
started,bundle,org.eclipse.mylyn.bugzilla.ui,3.6.0.v20110608-1400,"org.eclipse.mylyn.bugzilla.ui",1330303470013
started,bundle,org.eclipse.mylyn.commons.identity,0.8.0.v20110608-1400,"org.eclipse.mylyn.commons.identity",1330303470014
started,bundle,org.eclipse.mylyn.commons.net,3.6.0.v20110608-1400,"org.eclipse.mylyn.commons.net",1330303470014
started,bundle,org.eclipse.mylyn.commons.ui,3.6.1.v20110720-0100,"org.eclipse.mylyn.commons.ui",1330303470016
started,bundle,org.eclipse.mylyn.context.core,3.6.1.v20110720-0100,"org.eclipse.mylyn.context.core",1330303470032
started,bundle,org.eclipse.mylyn.context.ui,3.6.0.v20110608-1400,"org.eclipse.mylyn.context.ui",1330303470061
started,bundle,org.eclipse.mylyn.monitor.ui,3.6.0.v20110608-1400,"org.eclipse.mylyn.monitor.ui",1330303470062
